name,email,phone,address,city,state,zip,google_rating,google_review_count,notes
B.K. Henry Funeral Chapel Inc.,,,420 H St NE,Washington,DC,20002,,,"UNVERIFIED web-search lead 2026-09-24 (docs/data/DMV_HOMES_ROSTER_2026-09.md). Confirm license + email before vetting. Found only in directory listings; confirm with DLCP that it is a licensed, operating establishment. Earlier search suggested it may have closed."
Blount Funeral Services,,(202) 829-9681,4804 Georgia Ave NW,Washington,DC,20011,,,"UNVERIFIED web-search lead 2026-09-24 (docs/data/DMV_HOMES_ROSTER_2026-09.md). Confirm license + email before vetting. Found only in directory listings; confirm with DLCP that it is a licensed, operating establishment."
Capitol Mortuary Inc.,,(202) 399-6999,1425 Maryland Ave NE,Washington,DC,20002,,,UNVERIFIED web-search lead 2026-09-24 (docs/data/DMV_HOMES_ROSTER_2026-09.md). Confirm license + email before vetting. Site: capitolmortuaryinc.com.
Columbia Heights Funeral Home,,(202) 722-7802,3605 14th St NW,Washington,DC,20010,,,"UNVERIFIED web-search lead 2026-09-24 (docs/data/DMV_HOMES_ROSTER_2026-09.md). Confirm license + email before vetting. Found only in directory listings; confirm with DLCP that it is a licensed, operating establishment."
D.L. McLaughlin Funeral Services,,(202) 889-7111,2518 Pennsylvania Ave SE,Washington,DC,20020,,,UNVERIFIED web-search lead 2026-09-24 (roster #14). Confirm DLCP license + email before vetting.
DeVol Funeral Home,,(202) 333-6680,2222 Wisconsin Ave NW,Washington,DC,20007,,,UNVERIFIED web-search lead 2026-09-24 (roster #7). SCI/Dignity Memorial. Confirm DLCP license + email before vetting.
Dunn & Sons Funeral Service,,(202) 399-0535,5635 Eads St NE,Washington,DC,20019,,,UNVERIFIED web-search lead 2026-09-24 (docs/data/DMV_HOMES_ROSTER_2026-09.md). Confirm license + email before vetting. A second listing gives 128 Elmira St SW (20032); confirm.
Echelon Avant Garde Funeral Service,,,3457 14th St NW,Washington,DC,20010,,,"UNVERIFIED web-search lead 2026-09-24 (docs/data/DMV_HOMES_ROSTER_2026-09.md). Confirm license + email before vetting. Found only in directory listings; confirm with DLCP that it is a licensed, operating establishment. Same block as W.H. Bacon."
Hackett's Funeral Chapel,,(202) 829-0243,814 Upshur St NW,Washington,DC,20011,,,UNVERIFIED web-search lead 2026-09-24 (roster #16). Confirm DLCP license + email before vetting. Kendal Wade Funeral Home lists the same address; confirm which one operates here.
Hall Brothers Funeral Home,,,621 Florida Ave NW,Washington,DC,20001,,,"UNVERIFIED web-search lead 2026-09-24 (docs/data/DMV_HOMES_ROSTER_2026-09.md). Confirm license + email before vetting. Found only in directory listings; confirm with DLCP that it is a licensed, operating establishment."
Harrison & Son Funeral Service,,(202) 855-6974,3449 14th St NW,Washington,DC,20010,,,"UNVERIFIED web-search lead 2026-09-24 (docs/data/DMV_HOMES_ROSTER_2026-09.md). Confirm license + email before vetting. Found only in directory listings; confirm with DLCP that it is a licensed, operating establishment. Same block as W.H. Bacon."
Henry S. Washington & Sons Co. Inc.,,(202) 398-6700,4925 Nannie Helen Burroughs Ave NE,Washington,DC,20019,,,UNVERIFIED web-search lead 2026-09-24 (roster #3). Confirm DLCP license + email before vetting.
Hunt Funeral Home (Paradise Mortuary),,(202) 636-3612,908 Kennedy St NW,Washington,DC,20011,,,UNVERIFIED web-search lead 2026-09-24 (roster #17). Confirm DLCP license + email before vetting.
John T. Rhines Funeral Home,,(202) 529-4300,3005 12th St NE,Washington,DC,20017,,,UNVERIFIED web-search lead 2026-09-24 (roster #5). ADDRESS CONFLICTS across sources — confirm. 2026 GPL found.
Johnson & Jenkins Funeral Home,,(202) 882-8800,716 Kennedy St NW,Washington,DC,20011,,,UNVERIFIED web-search lead 2026-09-24 (roster #18). May be the same firm as J.B. Jenkins (now Hyattsville MD) — confirm.
Joseph Gawler's Sons LLC,,(202) 966-6400,5130 Wisconsin Ave NW,Washington,DC,20016,,,UNVERIFIED web-search lead 2026-09-24 (roster #6). SCI/Dignity Memorial. Confirm DLCP license + email before vetting.
Kendal Wade Funeral Home and Cremations,,(240) 580-9233,814 Upshur St NW,Washington,DC,20011,,,UNVERIFIED web-search lead 2026-09-24 (docs/data/DMV_HOMES_ROSTER_2026-09.md). Confirm license + email before vetting. Site: kwadefunerals.com. Same address as Hackett's Funeral Chapel; confirm whether it succeeded Hackett's.
Marshall-March Funeral Homes,,(202) 723-1250,4217 9th St NW,Washington,DC,20011,,,UNVERIFIED web-search lead 2026-09-24 (roster #8). Confirm DLCP license + email before vetting.
McGuire Funeral Service Inc.,,(202) 882-6600,7400 Georgia Ave NW,Washington,DC,20012,,,UNVERIFIED web-search lead 2026-09-24 (docs/data/DC_ROSTER_2026-09.md #1). Confirm DLCP license + email before vetting.
Pinckney-Spangler Funeral Home,,(202) 544-7720,524 8th St NE,Washington,DC,20002,,,UNVERIFIED web-search lead 2026-09-24 (roster #12). Confirm DLCP license + email before vetting.
Pope Funeral Home (Washington Chapel),,(202) 583-5400,2617 Pennsylvania Ave SE,Washington,DC,20020,,,UNVERIFIED web-search lead 2026-09-24 (roster #13). No site found. Confirm DLCP license + email before vetting.
R.N. Horton's Funeral Home,,(202) 829-9000,600 Kennedy St NW,Washington,DC,20011,,,UNVERIFIED web-search lead 2026-09-24 (roster #11). Confirm DLCP license + email before vetting.
Robinson Funeral Home,,(202) 387-5984,1313 6th St NW,Washington,DC,20001,,,UNVERIFIED web-search lead 2026-09-24 (roster #4). Confirm DLCP license + email before vetting.
Ronald Taylor II Funeral Home,,,1722 N Capitol St NW,Washington,DC,20002,,,UNVERIFIED web-search lead 2026-09-24 (roster #9). Phone not captured. Confirm DLCP license + email before vetting.
Snead Funeral Home and Cremation Service,,(202) 726-4400,5732 Georgia Ave NW,Washington,DC,20011,,,UNVERIFIED web-search lead 2026-09-24 (roster #15). Confirm DLCP license + email before vetting. Genesis Cremation & Funeral Services (and one Rollins listing) give the same address; confirm.
Stewart Funeral Home,,(202) 399-3600,4001 Benning Rd NE,Washington,DC,20019,,,UNVERIFIED web-search lead 2026-09-24 (roster #2). Confirm DLCP license + email before vetting.
Torchinsky Hebrew Funeral Home,,(202) 541-1001,254 Carroll St NW,Washington,DC,20012,,,UNVERIFIED web-search lead 2026-09-24 (roster #19). Confirm DLCP license + email before vetting.
Tri-State Funeral Service,,(202) 882-1202,1505 Kenilworth Ave NE,Washington,DC,20019,,,UNVERIFIED web-search lead 2026-09-24 (docs/data/DMV_HOMES_ROSTER_2026-09.md). Confirm license + email before vetting. Site: tri-statefuneralservices.com. The home's own (2019) price list gives 1505 Kenilworth Ave NE and this phone; a directory gave 912 3rd St NW. Whitney's Life Centers is next door at 1515. Confirm with DLCP.
Universal Mortuary Service,,(202) 723-1075,411 Kennedy St NW,Washington,DC,20011,,,"UNVERIFIED web-search lead 2026-09-24 (docs/data/DMV_HOMES_ROSTER_2026-09.md). Confirm license + email before vetting. Found only in directory listings; confirm with DLCP that it is a licensed, operating establishment."
W.H. Bacon Funeral Home Inc.,,(202) 332-3352,3447 14th St NW,Washington,DC,20010,,,UNVERIFIED web-search lead 2026-09-24 (roster #10). Street number 3447 or 3451 — confirm.
Watson's Funeral Home,,,3435 14th St NW,Washington,DC,20010,,,"UNVERIFIED web-search lead 2026-09-24 (docs/data/DMV_HOMES_ROSTER_2026-09.md). Confirm license + email before vetting. Found only in directory listings; confirm with DLCP that it is a licensed, operating establishment."
"Whitney's Life Centers Funeral Home, Mortuary and Cremations",,(240) 990-9952,1515 Kenilworth Ave NE,Washington,DC,20019,,,UNVERIFIED web-search lead 2026-09-24 (docs/data/DMV_HOMES_ROSTER_2026-09.md). Confirm license + email before vetting. Site: whitneyswlc.com.
Young Funeral Service,,(202) 723-7000,719 Kennedy St NW,Washington,DC,20011,,,"UNVERIFIED web-search lead 2026-09-24 (docs/data/DMV_HOMES_ROSTER_2026-09.md). Confirm license + email before vetting. Found only in directory listings; confirm with DLCP that it is a licensed, operating establishment."
Hilton Funeral Home,,,22111 Beallsville Rd,Barnesville,MD,20838,,,UNVERIFIED web-search lead 2026-09-24 (docs/data/DMV_HOMES_ROSTER_2026-09.md). Confirm license + email before vetting. Site: hiltonfh.com. Phone not captured.
Donald V. Borgwardt Funeral Home P.A.,,(301) 937-1707,4400 Powder Mill Rd,Beltsville,MD,20705,,,UNVERIFIED web-search lead 2026-09-24 (docs/data/DMV_HOMES_ROSTER_2026-09.md). Confirm license + email before vetting.
Robert A. Pumphrey Funeral Home (Bethesda-Chevy Chase),,(301) 652-2200,7557 Wisconsin Ave,Bethesda,MD,20814,,,UNVERIFIED web-search lead 2026-09-24 (docs/data/DMV_HOMES_ROSTER_2026-09.md). Confirm license + email before vetting. Site: pumphreyfuneralhome.com.
Beall Funeral Home,,(301) 805-5544,6512 Crain Hwy,Bowie,MD,20715,,,UNVERIFIED web-search lead 2026-09-24 (docs/data/DMV_HOMES_ROSTER_2026-09.md). Confirm license + email before vetting. Site: beallfuneral.com.
Fort Lincoln Funeral Home & Cemetery,,(301) 864-5090,3401 Bladensburg Rd,Brentwood,MD,20722,,,UNVERIFIED web-search lead 2026-09-24 (docs/data/DMV_HOMES_ROSTER_2026-09.md). Confirm license + email before vetting. SCI / Dignity Memorial. Prince George's County.
Buchanan Funeral Services P.A.,,,,Clinton,MD,20735,,,UNVERIFIED web-search lead 2026-09-24 (docs/data/DMV_HOMES_ROSTER_2026-09.md). Confirm license + email before vetting. Site: buchananfunerals.com. Address and phone not captured; also serves Upper Marlboro.
Joseph Gawler's Sons (Clinton),,,7508 Old Alexandria Ferry Rd,Clinton,MD,20735,,,UNVERIFIED web-search lead 2026-09-24 (docs/data/DMV_HOMES_ROSTER_2026-09.md). Confirm license + email before vetting. Search result only; confirm it operates (Gawler's main home is in DC). SCI.
Lee Funeral Home Inc.,,(301) 868-0900,6633 Old Alexandria Ferry Rd,Clinton,MD,20735,,,UNVERIFIED web-search lead 2026-09-24 (docs/data/DMV_HOMES_ROSTER_2026-09.md). Confirm license + email before vetting. Site: leefuneralhomes.com.
Wiseman Funeral Home & Chapel P.A.,,(301) 899-2005,4591 Allentown Rd,Camp Springs,MD,20746,,,"UNVERIFIED web-search lead 2026-09-24 (docs/data/DMV_HOMES_ROSTER_2026-09.md). Confirm license + email before vetting. Site: wisemanfuneralhome.net. Earlier listings give 7531 Old Alexandria Ferry Rd, Clinton, which the home's own site now labels ""Old""; confirm. Price list posted at wisemanfuneralhome.net/gpl."
Molesworth-Williams P.A. Funeral Home,,(301) 253-2138,26401 Ridge Rd,Damascus,MD,20872,,,UNVERIFIED web-search lead 2026-09-24 (docs/data/DMV_HOMES_ROSTER_2026-09.md). Confirm license + email before vetting. Site: molesworthwilliams.com.
Pope Funeral Home (Forestville Chapel),,(301) 568-4100,5538 Marlboro Pike,Forestville,MD,20747,,,UNVERIFIED web-search lead 2026-09-24 (docs/data/DMV_HOMES_ROSTER_2026-09.md). Confirm license + email before vetting. Site: popefh.com. Posts price lists; also has the DC chapel.
McPherson Funeral Services P.A.,,(301) 292-4603,12827 Old Fort Rd,Fort Washington,MD,20744,,,UNVERIFIED web-search lead 2026-09-24 (docs/data/DMV_HOMES_ROSTER_2026-09.md). Confirm license + email before vetting. Site: mcphersonfuneralservicesandcremations.com.
DeVol Funeral Home (Gaithersburg),,(301) 948-6800,10 E Deer Park Dr,Gaithersburg,MD,20877,,,UNVERIFIED web-search lead 2026-09-24 (docs/data/DMV_HOMES_ROSTER_2026-09.md). Confirm license + email before vetting. SCI / Dignity Memorial.
Thibadeau Mortuary Service P.A.,,(301) 495-4950,124 E Diamond Ave,Gaithersburg,MD,20877,,,UNVERIFIED web-search lead 2026-09-24 (docs/data/DMV_HOMES_ROSTER_2026-09.md). Confirm license + email before vetting. Site: interfaithfunerals.com.
Gasch's Funeral Home P.A.,,(301) 927-6100,4739 Baltimore Ave,Hyattsville,MD,20781,,,UNVERIFIED web-search lead 2026-09-24 (docs/data/DMV_HOMES_ROSTER_2026-09.md). Confirm license + email before vetting. Site: gaschs.com. Posts a general-prices page.
J.B. Jenkins Funeral Home Inc.,,(301) 322-2300,7474 Landover Rd,Landover,MD,20785,,,"UNVERIFIED web-search lead 2026-09-24 (docs/data/DMV_HOMES_ROSTER_2026-09.md). Confirm license + email before vetting. Site: jbjenkinsfuneralhome.com. Moved from 716 Kennedy St NW, DC; posts a pricing-and-policies page. Its August 2024 price list gives Landover and names a second site, the J.B. Jenkins Worship Center at Kettering (1 Kettering Dr, Upper Marlboro 20774); confirm whether that is a separately licensed establishment."
Arehart-Echols Funeral Home P.A.,,(301) 934-8342,211 St. Mary's Ave,La Plata,MD,20646,,,UNVERIFIED web-search lead 2026-09-24 (docs/data/DMV_HOMES_ROSTER_2026-09.md). Confirm license + email before vetting. Site: arehartechols.com.
Raymond Funeral Service P.A.,,(301) 934-2920,5635 Washington Ave,La Plata,MD,20646,,,UNVERIFIED web-search lead 2026-09-24 (docs/data/DMV_HOMES_ROSTER_2026-09.md). Confirm license + email before vetting. Site: raymondfuneralservice.com.
Advent Funeral & Cremation Services (Lanham),,,9013 Annapolis Rd,Lanham,MD,20706,,,UNVERIFIED web-search lead 2026-09-24 (docs/data/DMV_HOMES_ROSTER_2026-09.md). Confirm license + email before vetting. Phone not captured.
Pridgen Funeral Service,,,9455 Lanham Severn Rd,Lanham,MD,20706,,,UNVERIFIED web-search lead 2026-09-24 (docs/data/DMV_HOMES_ROSTER_2026-09.md). Confirm license + email before vetting. Second address also listed (8855 Annapolis Rd Ste 109); confirm.
March Life Tribute Center (Laurel),,,7601 Sandy Spring Rd,Laurel,MD,20707,,,UNVERIFIED web-search lead 2026-09-24 (docs/data/DMV_HOMES_ROSTER_2026-09.md). Confirm license + email before vetting. Site: marchltclaurel.com. Phone not captured.
Roy W. Barber Funeral Home,,(301) 948-3500,21525 Laytonsville Rd,Laytonsville,MD,20882,,,UNVERIFIED web-search lead 2026-09-24 (docs/data/DMV_HOMES_ROSTER_2026-09.md). Confirm license + email before vetting. Site: barberfhlaytonsville.com.
Brinsfield Funeral Home & Crematory P.A.,,(301) 475-5588,22955 Hollywood Rd,Leonardtown,MD,20650,,,UNVERIFIED web-search lead 2026-09-24 (docs/data/DMV_HOMES_ROSTER_2026-09.md). Confirm license + email before vetting. Site: brinsfieldfuneral.com.
Mattingley-Gardiner Funeral Home,,(301) 475-8500,41590 Fenwick St,Leonardtown,MD,20650,,,UNVERIFIED web-search lead 2026-09-24 (docs/data/DMV_HOMES_ROSTER_2026-09.md). Confirm license + email before vetting.
Rausch Funeral Home (Lusby),,(410) 326-9400,20 American Ln,Lusby,MD,20657,,,UNVERIFIED web-search lead 2026-09-24 (docs/data/DMV_HOMES_ROSTER_2026-09.md). Confirm license + email before vetting. Site: rauschfuneralhomes.com.
Rausch Funeral Home (Owings),,(410) 257-6181,8325 Mt Harmony Ln,Owings,MD,20736,,,UNVERIFIED web-search lead 2026-09-24 (docs/data/DMV_HOMES_ROSTER_2026-09.md). Confirm license + email before vetting. Site: rauschfuneralhomes.com. Calvert County; Lusby and Port Republic are their own rows.
Kalas Funeral Home & Crematory (National Harbor),,(301) 567-9424,6160 Oxon Hill Rd,Oxon Hill,MD,20745,,,UNVERIFIED web-search lead 2026-09-24 (docs/data/DMV_HOMES_ROSTER_2026-09.md). Confirm license + email before vetting. Site: kalasfuneralhomes.com. Its Edgewater location (21037) is outside the market.
Mary Brooks Funeral Home P.A.,,(240) 679-6279,5801 Cleveland Ave,Riverdale,MD,20737,,,UNVERIFIED web-search lead 2026-09-24 (docs/data/DMV_HOMES_ROSTER_2026-09.md). Confirm license + email before vetting. Site: marybrooksfh.com. Address shared with Boston-St. Fort per search; confirm.
Boston - St. Fort Funeral & Cremation Service,,(240) 667-2520,5801 Cleveland Ave,Riverdale Park,MD,20737,,,UNVERIFIED web-search lead 2026-09-24 (docs/data/DMV_HOMES_ROSTER_2026-09.md). Confirm license + email before vetting. Site: dmvcremation.com. Mary Brooks Funeral Home lists the same street address; confirm they are separate establishments.
Cole Funeral Services P.A.,,(301) 871-1444,4110 Aspen Hill Rd,Rockville,MD,20853,,,UNVERIFIED web-search lead 2026-09-24 (docs/data/DMV_HOMES_ROSTER_2026-09.md). Confirm license + email before vetting. Site: colefuneral.com.
Robert A. Pumphrey Funeral Home (Rockville),,(301) 762-3939,300 W Montgomery Ave,Rockville,MD,20850,,,UNVERIFIED web-search lead 2026-09-24 (docs/data/DMV_HOMES_ROSTER_2026-09.md). Confirm license + email before vetting. Site: pumphreyfuneralhome.com.
Sagel Bloomfield Danzansky Goldberg Funeral Care,,(301) 340-1400,170 Rollins Ave,Rockville,MD,20852,,,UNVERIFIED web-search lead 2026-09-24 (docs/data/DMV_HOMES_ROSTER_2026-09.md). Confirm license + email before vetting. Site: sagelbloomfield.com. Shomrei Neshama (Ste 200) and Going Home Cremation (Ste 100) are in the same building; each is its own row.
Shomrei Neshama of Greater Washington P.A.,,(301) 296-6835,170 Rollins Ave Ste 200,Rockville,MD,20852,,,UNVERIFIED web-search lead 2026-09-24 (docs/data/DMV_HOMES_ROSTER_2026-09.md). Confirm license + email before vetting. Site: shomreineshama.com. Same building as Sagel Bloomfield; confirm it is a separate licensed establishment.
Simple Tribute Funeral & Cremation Center,,(301) 545-0960,1040 Rockville Pike,Rockville,MD,20852,,,UNVERIFIED web-search lead 2026-09-24 (docs/data/DMV_HOMES_ROSTER_2026-09.md). Confirm license + email before vetting.
Snowden Funeral Home,,(301) 762-2500,246 N Washington St,Rockville,MD,20850,,,UNVERIFIED web-search lead 2026-09-24 (docs/data/DMV_HOMES_ROSTER_2026-09.md). Confirm license + email before vetting. Site: snowdencares.com.
Francis J. Collins Funeral Home,,(301) 593-9500,500 University Blvd W,Silver Spring,MD,20901,,,UNVERIFIED web-search lead 2026-09-24 (docs/data/DMV_HOMES_ROSTER_2026-09.md). Confirm license + email before vetting. Site: collinsfuneralhome.com. Posts a service-pricing page.
Hines-Rinaldi Funeral Home,,(301) 622-2290,11800 New Hampshire Ave,Silver Spring,MD,20904,,,UNVERIFIED web-search lead 2026-09-24 (docs/data/DMV_HOMES_ROSTER_2026-09.md). Confirm license + email before vetting. SCI / Dignity Memorial.
Philip D. Rinaldi Funeral Service,,,9241 Columbia Blvd,Silver Spring,MD,20910,,,UNVERIFIED web-search lead 2026-09-24 (docs/data/DMV_HOMES_ROSTER_2026-09.md). Confirm license + email before vetting. Site: rinaldifuneralservice.com. Phone not captured.
Rapp Funeral & Cremation Services,,(301) 276-0489,933 Gist Ave,Silver Spring,MD,20910,,,UNVERIFIED web-search lead 2026-09-24 (docs/data/DMV_HOMES_ROSTER_2026-09.md). Confirm license + email before vetting.
Hodges-Edwards Funeral Home,,(301) 899-0687,3910 Silver Hill Rd,Suitland,MD,20746,,,UNVERIFIED web-search lead 2026-09-24 (docs/data/DMV_HOMES_ROSTER_2026-09.md). Confirm license + email before vetting. Site: hefuneralh.com.
Marshall's Funeral Home of Maryland Inc.,,(301) 736-1616,4308 Suitland Rd,Suitland,MD,20746,,,UNVERIFIED web-search lead 2026-09-24 (docs/data/DMV_HOMES_ROSTER_2026-09.md). Confirm license + email before vetting.
J.K. Johnson Funeral Home,,,6503 Old Branch Ave,Temple Hills,MD,20748,,,UNVERIFIED web-search lead 2026-09-24 (docs/data/DMV_HOMES_ROSTER_2026-09.md). Confirm license + email before vetting. Phone not captured. Same address as Ralph Williams II Funeral Service; confirm both operate here.
Ralph Williams II Funeral Service P.A.,,(301) 262-2387,6503 Old Branch Ave,Temple Hills,MD,20748,,,UNVERIFIED web-search lead 2026-09-24 (docs/data/DMV_HOMES_ROSTER_2026-09.md). Confirm license + email before vetting. Site: ralphwilliamsfuneralservice.com. Same address as J.K. Johnson per search; confirm.
Strickland Funeral Services,,(301) 449-0400,6500 Allentown Rd,Temple Hills,MD,20748,,,UNVERIFIED web-search lead 2026-09-24 (docs/data/DMV_HOMES_ROSTER_2026-09.md). Confirm license + email before vetting.
Kingdom Mortuary,,(240) 664-3772,,Upper Marlboro,MD,20774,,,UNVERIFIED web-search lead 2026-09-24 (docs/data/DMV_HOMES_ROSTER_2026-09.md). Confirm license + email before vetting. Street address not captured.
Briscoe-Tonic Funeral Home P.A. (Waldorf),,(301) 632-6624,7 Industrial Park Dr,Waldorf,MD,20602,,,UNVERIFIED web-search lead 2026-09-24 (docs/data/DMV_HOMES_ROSTER_2026-09.md). Confirm license + email before vetting. Site: briscoe-tonicfuneralhome.com. The Mechanicsville location is its own row. Yelp gives 2294 Old Washington Rd for Waldorf. Confirm.
Huntt Funeral Home & Crematory,,(301) 645-7021,3035 Old Washington Rd,Waldorf,MD,20601,,,UNVERIFIED web-search lead 2026-09-24 (docs/data/DMV_HOMES_ROSTER_2026-09.md). Confirm license + email before vetting. SCI / Dignity Memorial.
Precious Memories Funeral Home,,(240) 585-5214,2960 Technology Pl Ste 103,Waldorf,MD,20601,,,UNVERIFIED web-search lead 2026-09-24 (docs/data/DMV_HOMES_ROSTER_2026-09.md). Confirm license + email before vetting.
Cunningham Turch Funeral Home,,(703) 549-1800,811 Cameron St,Alexandria,VA,22314,,,UNVERIFIED web-search lead 2026-09-24 (docs/data/DMV_HOMES_ROSTER_2026-09.md). Confirm license + email before vetting. Northern Virginia Burial & Cremation Society lists the same address; see that row.
Demaine Funeral Home (Alexandria),,(703) 549-0074,520 S Washington St,Alexandria,VA,22314,,,UNVERIFIED web-search lead 2026-09-24 (docs/data/DMV_HOMES_ROSTER_2026-09.md). Confirm license + email before vetting. SCI / Dignity Memorial.
Everly-Wheatley Funeral Home & Crematory,,(703) 998-9200,1500 W Braddock Rd,Alexandria,VA,22302,,,UNVERIFIED web-search lead 2026-09-24 (docs/data/DMV_HOMES_ROSTER_2026-09.md). Confirm license + email before vetting. Site: everlywheatley.com. Carriage Services.
Funeral Choices (Alexandria),,(703) 465-1800,1205 Belle Haven Rd,Alexandria,VA,22307,,,UNVERIFIED web-search lead 2026-09-24 (docs/data/DMV_HOMES_ROSTER_2026-09.md). Confirm license + email before vetting. Site: funeralchoices.com. The Chantilly location is its own row.
Greene Funeral Home Inc.,,(703) 549-0089,814 Franklin St,Alexandria,VA,22314,,,UNVERIFIED web-search lead 2026-09-24 (docs/data/DMV_HOMES_ROSTER_2026-09.md). Confirm license + email before vetting. Site: greenefh.net.
Jefferson Funeral Chapel,,(703) 971-7400,5755 Castlewellan Dr,Alexandria,VA,22315,,,UNVERIFIED web-search lead 2026-09-24 (docs/data/DMV_HOMES_ROSTER_2026-09.md). Confirm license + email before vetting. Site: jeffersonfuneralchapel.com.
Chinn-Baker Funeral Service,,(703) 979-1666,2605 Shirlington Rd,Arlington,VA,22206,,,UNVERIFIED web-search lead 2026-09-24 (docs/data/DMV_HOMES_ROSTER_2026-09.md). Confirm license + email before vetting. Directory listing only; confirm it still operates.
Murphy Funeral Homes (Arlington),,(703) 920-4800,4510 Wilson Blvd,Arlington,VA,22203,,,"UNVERIFIED web-search lead 2026-09-24 (docs/data/DMV_HOMES_ROSTER_2026-09.md). Confirm license + email before vetting. SCI / Dignity Memorial. ""Arlington Funeral Home"" (703) 522-1441 lists the same address; likely one establishment, so import once."
Storke Funeral Home (Arlington Chapel),,(571) 730-7900,1555 Southgate Rd Bldg 26,Arlington,VA,22214,,,UNVERIFIED web-search lead 2026-09-24 (docs/data/DMV_HOMES_ROSTER_2026-09.md). Confirm license + email before vetting. Chapel on Joint Base Myer-Henderson Hall; main firm is in Stafford (outside the market). Confirm it is a licensed establishment.
Cremation Society of Virginia (Chantilly),,(703) 936-2622,14014 Sullyfield Cir Ste F,Chantilly,VA,20151,,,"UNVERIFIED web-search lead 2026-09-24 (docs/data/DMV_HOMES_ROSTER_2026-09.md). Confirm license + email before vetting. Site: virginiacremate.com. Cremation only; one directory calls this suite ""Cremation & Memorial Center"". Confirm it holds its own Virginia establishment license (brokers are never imported)."
Everly Funeral Home,,(703) 385-1110,10565 Main St,Fairfax,VA,22030,,,"UNVERIFIED web-search lead 2026-09-24 (docs/data/DMV_HOMES_ROSTER_2026-09.md). Confirm license + email before vetting. Site: everlyfuneralhome.com. Carriage Services. ⚠ Demaine Funeral Home – Fairfax (Dignity Memorial) lists the same address and phone, and Everly's own sites say Falls Church. It may have been sold or renamed; confirm the licensed name and owner."
Fairfax Memorial Funeral Home,,(703) 977-8933,9902 Braddock Rd,Fairfax,VA,22032,,,UNVERIFIED web-search lead 2026-09-24 (docs/data/DMV_HOMES_ROSTER_2026-09.md). Confirm license + email before vetting. Site: fairfaxmemorialfuneralhome.com. Posts its GPL (a 2022 PDF was found); get the current one.
Advent Funeral & Cremation Services (Falls Church),,(703) 241-7402,7211 Lee Hwy,Falls Church,VA,22046,,,UNVERIFIED web-search lead 2026-09-24 (docs/data/DMV_HOMES_ROSTER_2026-09.md). Confirm license + email before vetting.
Murphy Funeral Homes (Falls Church),,(703) 533-0341,1102 W Broad St,Falls Church,VA,22046,,,UNVERIFIED web-search lead 2026-09-24 (docs/data/DMV_HOMES_ROSTER_2026-09.md). Confirm license + email before vetting. SCI / Dignity Memorial.
National Funeral Home & Memorial Park,,(703) 560-4400,7482 Lee Hwy,Falls Church,VA,22042,,,UNVERIFIED web-search lead 2026-09-24 (docs/data/DMV_HOMES_ROSTER_2026-09.md). Confirm license + email before vetting. SCI / Dignity Memorial.
Adams-Green Funeral Home,,(703) 437-1764,721 Elden St,Herndon,VA,20170,,,UNVERIFIED web-search lead 2026-09-24 (docs/data/DMV_HOMES_ROSTER_2026-09.md). Confirm license + email before vetting. Site: adamsgreen.com.
Colonial Funeral Home of Leesburg,,(703) 777-1414,201 Edwards Ferry Rd NE,Leesburg,VA,20176,,,UNVERIFIED web-search lead 2026-09-24 (docs/data/DMV_HOMES_ROSTER_2026-09.md). Confirm license + email before vetting. Site: colonialfuneralhome.com.
Loudoun Funeral Chapel & Crematory,,(703) 777-6000,158 Catoctin Cir SE,Leesburg,VA,20175,,,UNVERIFIED web-search lead 2026-09-24 (docs/data/DMV_HOMES_ROSTER_2026-09.md). Confirm license + email before vetting. Site: loudounfuneralchapel.com.
Ames Funeral Home Inc.,,(703) 368-2814,8914 Quarry Rd,Manassas,VA,20110,,,UNVERIFIED web-search lead 2026-09-24 (docs/data/DMV_HOMES_ROSTER_2026-09.md). Confirm license + email before vetting. Site: amesfh.com.
Baker-Post Funeral Home & Cremation Center,,(703) 368-3116,10001 Nokesville Rd,Manassas,VA,20110,,,UNVERIFIED web-search lead 2026-09-24 (docs/data/DMV_HOMES_ROSTER_2026-09.md). Confirm license + email before vetting. Site: bakerpostfh.com. Posts a funeral-pricing page. Its old Sudley Rd location is closed.
Pierce Funeral Home,,(703) 257-6028,9609 Center St,Manassas,VA,20110,,,UNVERIFIED web-search lead 2026-09-24 (docs/data/DMV_HOMES_ROSTER_2026-09.md). Confirm license + email before vetting. Site: piercefh.com. A second listing gives 9320 West St; confirm.
Hall Funeral Home Inc.,,(540) 338-5561,140 S Nursery Ave,Purcellville,VA,20132,,,UNVERIFIED web-search lead 2026-09-24 (docs/data/DMV_HOMES_ROSTER_2026-09.md). Confirm license + email before vetting. Site: hallfh.com. Holds Royston Funeral Home's records (Royston closed 2026-05-29; not imported).
Lyles Funeral Service,,,630 S 20th St,Purcellville,VA,20132,,,UNVERIFIED web-search lead 2026-09-24 (docs/data/DMV_HOMES_ROSTER_2026-09.md). Confirm license + email before vetting. Site: lylesfuneralservice.net. Phone not captured.
Demaine Funeral Home (Springfield),,(703) 941-9428,5308 Backlick Rd,Springfield,VA,22151,,,UNVERIFIED web-search lead 2026-09-24 (docs/data/DMV_HOMES_ROSTER_2026-09.md). Confirm license + email before vetting. SCI / Dignity Memorial.
Demaine Life Celebration Center of Loudoun County,,(571) 685-7984,45511 Severn Way,Sterling,VA,20166,,,UNVERIFIED web-search lead 2026-09-24 (docs/data/DMV_HOMES_ROSTER_2026-09.md). Confirm license + email before vetting. SCI / Dignity Memorial.
Money & King Funeral Home,,(703) 938-7440,171 Maple Ave W,Vienna,VA,22180,,,UNVERIFIED web-search lead 2026-09-24 (docs/data/DMV_HOMES_ROSTER_2026-09.md). Confirm license + email before vetting.
Moser Funeral Home Inc.,,(540) 347-3431,233 Broadview Ave,Warrenton,VA,20186,,,UNVERIFIED web-search lead 2026-09-24 (docs/data/DMV_HOMES_ROSTER_2026-09.md). Confirm license + email before vetting. Site: moserfuneralhome.com.
Miller Funeral Home & Crematory Inc.,,(703) 878-2273,3200 Golansky Blvd,Woodbridge,VA,22192,,,UNVERIFIED web-search lead 2026-09-24 (docs/data/DMV_HOMES_ROSTER_2026-09.md). Confirm license + email before vetting. Site: millerfuneralhome.net.
Mountcastle Turch Funeral Home & Crematory,,(703) 680-1234,4143 Dale Blvd,Woodbridge,VA,22193,,,UNVERIFIED web-search lead 2026-09-24 (docs/data/DMV_HOMES_ROSTER_2026-09.md). Confirm license + email before vetting. Site: mountcastle.net. Dale City.
Randall Funeral Home,,(703) 490-8112,1247 Easy St,Woodbridge,VA,22191,,,UNVERIFIED web-search lead 2026-09-24 (docs/data/DMV_HOMES_ROSTER_2026-09.md). Confirm license + email before vetting. Site: randallfuneralhomes.com.
Going Home Cremation & Funeral Care by Value Choice P.A. (Rockville),,(301) 296-6864,170 Rollins Ave Ste 100,Rockville,MD,20852,,,"UNVERIFIED web-search lead 2026-09-24 (docs/data/DMV_HOMES_ROSTER_2026-09.md). Confirm license + email before vetting. Site: goinghomecares.com. Main location is Woodbine (Carroll County, outside the market). Cremation-focused; confirm the Rockville office is a licensed establishment, not only an arrangement office. Same building as Sagel Bloomfield and Shomrei Neshama (different suites)."
Potomac Valley Cremation Center,,,12 Executive Park Ct,Germantown,MD,20874,,,"UNVERIFIED web-search lead 2026-09-24 (docs/data/DMV_HOMES_ROSTER_2026-09.md). Confirm license + email before vetting. Site: germantown.potomaccremation.com. Owns its crematory. Also marketed through veteransfuneralhomes.com, americasbestfuneralhomes.com and cremation-with-care.com pages that point here; import once. Confirm it holds its own establishment license. Phone not captured."
Funeraria Unida P.A.,,(301) 859-3968,2446 Reedie Dr #6,Wheaton,MD,20902,,,"UNVERIFIED web-search lead 2026-09-24 (docs/data/DMV_HOMES_ROSTER_2026-09.md). Confirm license + email before vetting. Site: funerariaunida.com. Price list PDF found (not opened; the host is blocked here). Its header reads ""Operating out of:"", so it may work from another home's licensed facility; confirm."
Sewell Funeral Home,,(410) 535-1646,1451 Dares Beach Rd,Prince Frederick,MD,20678,,,UNVERIFIED web-search lead 2026-09-24 (docs/data/DMV_HOMES_ROSTER_2026-09.md). Confirm license + email before vetting. Site: sewellfuneralhome.com. Calvert County.
Rausch Funeral Home (Port Republic),,(410) 586-0520,4405 Broomes Island Rd,Port Republic,MD,20676,,,UNVERIFIED web-search lead 2026-09-24 (docs/data/DMV_HOMES_ROSTER_2026-09.md). Confirm license + email before vetting. Site: rauschfuneralhomes.com. Calvert County; the third Rausch location (Owings and Lusby are their own rows).
Briscoe-Tonic Funeral Home (Mechanicsville),,(301) 884-8070,38576 Brett Way,Mechanicsville,MD,20659,,,UNVERIFIED web-search lead 2026-09-24 (docs/data/DMV_HOMES_ROSTER_2026-09.md). Confirm license + email before vetting. Site: briscoe-tonicfuneralhome.com. St. Mary's County; Briscoe-Tonic's second location (Waldorf is its own row).
Brinsfield Funeral Home (Charlotte Hall),,(301) 472-4400,30195 Three Notch Rd,Charlotte Hall,MD,20622,,,"UNVERIFIED web-search lead 2026-09-24 (docs/data/DMV_HOMES_ROSTER_2026-09.md). Confirm license + email before vetting. Site: brinsfieldfuneral.com. Some listings say ""Brinsfield-Echols"". Brinsfield's second location (Leonardtown is its own row)."
Adams Funeral Home P.A.,,(301) 579-6043,20605 Aquasco Rd,Aquasco,MD,20608,,,UNVERIFIED web-search lead 2026-09-24 (docs/data/DMV_HOMES_ROSTER_2026-09.md). Confirm license + email before vetting. Site: adamsfuneralhomemd.com. Southern Prince George's County.
Williams Funeral Home P.A.,,(301) 743-5478,4270 Hawthorne Rd,Indian Head,MD,20640,,,UNVERIFIED web-search lead 2026-09-24 (docs/data/DMV_HOMES_ROSTER_2026-09.md). Confirm license + email before vetting. Site: williamsfuneralhomepa.com. Charles County.
Thornton Funeral Home P.A.,,(301) 375-7855,3439 Livingston Rd,Indian Head,MD,20640,,,UNVERIFIED web-search lead 2026-09-24 (docs/data/DMV_HOMES_ROSTER_2026-09.md). Confirm license + email before vetting. Site: thorntonfuneralhomepa.com. Charles County.
Freeman Funeral Services P.A.,,(301) 877-3733,7201 Old Alexandria Ferry Rd,Clinton,MD,20735,,,"UNVERIFIED web-search lead 2026-09-24 (docs/data/DMV_HOMES_ROSTER_2026-09.md). Confirm license + email before vetting. Site: freemanfuneralservicespa.com. Directories give three phone numbers ((301) 877-3733, (301) 316-3733, (301) 868-1800); confirm."
Donaldson Funeral Home P.A. (Laurel),,(301) 725-1690,313 Talbott Ave,Laurel,MD,20707,,,UNVERIFIED web-search lead 2026-09-24 (docs/data/DMV_HOMES_ROSTER_2026-09.md). Confirm license + email before vetting. Site: donaldsonlaurel.com.
Robert E. Evans Funeral Home,,(301) 464-8836,16000 Annapolis Rd,Bowie,MD,20715,,,UNVERIFIED web-search lead 2026-09-24 (docs/data/DMV_HOMES_ROSTER_2026-09.md). Confirm license + email before vetting. Site: dignitymemorial.com. SCI / Dignity Memorial. The price-list download is on the location page.
Genesis Cremation & Funeral Services,,,5732 Georgia Ave NW,Washington,DC,20011,,,UNVERIFIED web-search lead 2026-09-24 (docs/data/DMV_HOMES_ROSTER_2026-09.md). Confirm license + email before vetting. Site: genesiscremationandfuneral.com. Same address as Snead Funeral Home (and one Rollins listing); it may operate from Snead's establishment. Confirm with DLCP. Phone not captured.
Funeral Choices of Chantilly,,(703) 378-6896,14522-L Lee Rd,Chantilly,VA,20151,,,UNVERIFIED web-search lead 2026-09-24 (docs/data/DMV_HOMES_ROSTER_2026-09.md). Confirm license + email before vetting. Site: funeralchoices.com. Funeral Choices' second location (Alexandria is its own row).
Lay To Rest Cremation & Funeral Home,,(703) 372-1177,8434 Alban Rd,Springfield,VA,22150,,,UNVERIFIED web-search lead 2026-09-24 (docs/data/DMV_HOMES_ROSTER_2026-09.md). Confirm license + email before vetting. Site: laytorestfuneralhome.com. Also laytorestcremation.com.
Direct Cremation Services of Virginia,,,4425 Brookfield Corporate Dr Ste 100,Chantilly,VA,20151,,,"UNVERIFIED web-search lead 2026-09-24 (docs/data/DMV_HOMES_ROSTER_2026-09.md). Confirm license + email before vetting. Site: directcremationservicesofvirginia.com. Cremation only. Another listing gives 4229 Lafayette Center Dr, Chantilly, and there is a Stephens City location (outside the market). Confirm it holds its own Virginia establishment license (brokers are never imported). Phone not captured."
Northern Virginia Burial & Cremation Society,,(703) 560-0552,811 Cameron St,Alexandria,VA,22314,,,"UNVERIFIED web-search lead 2026-09-24 (docs/data/DMV_HOMES_ROSTER_2026-09.md). Confirm license + email before vetting. Site: novacremate.com. A 2021 price list is posted, so ask for the current one. Confirm it holds its own Virginia establishment license (brokers are never imported). Phone not captured. Same address as Cunningham Turch Funeral Home, and appears to be its cremation brand: if it holds no separate establishment license, drop this row (one licensed establishment, one row)."
Reese Funeral Professionals,,(703) 646-9320,311 N Patrick St,Alexandria,VA,22314,,,UNVERIFIED web-search lead 2026-09-24 (docs/data/DMV_HOMES_ROSTER_2026-09.md). Confirm license + email before vetting. Site: reesefuneralprofessionals.com.
Olde Towne Funeral Home of Manassas,,(703) 257-1700,9320 West St,Manassas,VA,20110,,,"UNVERIFIED web-search lead 2026-09-24 (docs/data/DMV_HOMES_ROSTER_2026-09.md). Confirm license + email before vetting. Site: manassasfuneralhome.com. Has its own crematory. A 2022 price list is posted, so check for a current one."
Joynes Funeral Home Inc.,,(540) 347-3331,29 N Third St,Warrenton,VA,20186,,,"UNVERIFIED web-search lead 2026-09-24 (docs/data/DMV_HOMES_ROSTER_2026-09.md). Confirm license + email before vetting. Site: joynesfuneralhome.com. Fauquier County. Mailing address PO Box 3633, Warrenton 20188."
Alfirdaus Jinnazah Services LLC,,(703) 967-6311,7903 Hill Park Ct #8,Lorton,VA,22079,,,"UNVERIFIED web-search lead 2026-09-24 (docs/data/DMV_HOMES_ROSTER_2026-09.md). Confirm license + email before vetting. Site: alfirdausjinnaza.com. Muslim funeral services (washing, shrouding, janazah, repatriation). Confirm it holds its own Virginia establishment license; it may work through a licensed home."
